title	author	genre	year	link
The Hobbit	J. R. R. Tolkien	Fantasy	1937	https://openlibrary.org/search?q=The+Hobbit
A Wizard of Earthsea	Ursula K. Le Guin	Fantasy	1968	https://openlibrary.org/search?q=A+Wizard+of+Earthsea
Piranesi	Susanna Clarke	Fantasy	2020	https://openlibrary.org/search?q=Piranesi
Howl's Moving Castle	Diana Wynne Jones	Fantasy	1986	https://openlibrary.org/search?q=Howls+Moving+Castle
The Night Circus	Erin Morgenstern	Fantasy	2011	https://openlibrary.org/search?q=The+Night+Circus
The Fifth Season	N. K. Jemisin	Fantasy	2015	https://openlibrary.org/search?q=The+Fifth+Season
And Then There Were None	Agatha Christie	Mystery	1939	https://openlibrary.org/search?q=And+Then+There+Were+None
The Murder of Roger Ackroyd	Agatha Christie	Mystery	1926	https://openlibrary.org/search?q=The+Murder+of+Roger+Ackroyd
The Hound of the Baskervilles	Arthur Conan Doyle	Mystery	1902	https://openlibrary.org/search?q=The+Hound+of+the+Baskervilles
The Moonstone	Wilkie Collins	Mystery	1868	https://openlibrary.org/search?q=The+Moonstone
The Thursday Murder Club	Richard Osman	Mystery	2020	https://openlibrary.org/search?q=The+Thursday+Murder+Club
Pride and Prejudice	Jane Austen	Fiction	1813	https://openlibrary.org/search?q=Pride+and+Prejudice
Jane Eyre	Charlotte Bronte	Fiction	1847	https://openlibrary.org/search?q=Jane+Eyre
Little Women	Louisa May Alcott	Fiction	1868	https://openlibrary.org/search?q=Little+Women
The Great Gatsby	F. Scott Fitzgerald	Fiction	1925	https://openlibrary.org/search?q=The+Great+Gatsby
Dune	Frank Herbert	Science Fiction	1965	https://openlibrary.org/search?q=Dune+Frank+Herbert
The Left Hand of Darkness	Ursula K. Le Guin	Science Fiction	1969	https://openlibrary.org/search?q=The+Left+Hand+of+Darkness
The Dispossessed	Ursula K. Le Guin	Science Fiction	1974	https://openlibrary.org/search?q=The+Dispossessed
A Brief History of Time	Stephen Hawking	Science	1988	https://openlibrary.org/search?q=A+Brief+History+of+Time
The Immortal Life of Henrietta Lacks	Rebecca Skloot	Science	2010	https://openlibrary.org/search?q=The+Immortal+Life+of+Henrietta+Lacks
Educated	Tara Westover	Memoir	2018	https://openlibrary.org/search?q=Educated+Tara+Westover
The Diary of a Young Girl	Anne Frank	Memoir	1947	https://openlibrary.org/search?q=The+Diary+of+a+Young+Girl
The Art of War	Sun Tzu	History	Unknown	https://openlibrary.org/search?q=The+Art+of+War
